Product,Category,Regular Price,Discounted Price,Code,Material
MENS KABLI-CHOCOLATE,Men's Collection,"3,090.00",NO Discount,PH-KAB-TM22-05F-48,100% LINEN
MENS FORMAL SHIRT-NAVY 1,Men's Collection,"1,890.00",NO Discount,MT-FOS-TM22-02S-0261,100% COTTON
MENS POLO-NAVY AOP,Men's Collection,"1,190.00",NO Discount,ZM-POL-TM22-02S-0047.,100% COTTON
MENS FORMAL SHIRT-BLUE-1,Men's Collection,"1,890.00",NO Discount,MT-FOS-TM22-02S-0261,100% COTTON
MENS FORMAL SHIRT-AQUA BLUE,Men's Collection,"1,890.00",NO Discount,MT-FOS-TM22-02S-0261,100% COTTON
MENS CASUAL SHIRT,Men's Collection,"1,590.00",NO Discount,HI-SHT-TM22-02V-0123,80% COTTON 20% POLYSTER
MENS T-SHIRT-MUSTARD,Men's Collection,790.00,NO Discount,ZM-TSH-TM22-02F- 0095,100% COTTON
MENS T-SHIRT-NAVY BLUE,Men's Collection,790.00,NO Discount,ZM-TSH-TM22-02F- 0095,100% COTTON
MENS PANJABI-BLACK,Men's Collection,"2,490.00",NO Discount,,
MENS PANJABI-BERRY,Men's Collection,"2,190.00",NO Discount,JS-PANB-TM22-05F-13554,100% COTTON
MENS PANJABI-SALMON,Men's Collection,"2,190.00",NO Discount,JS-PANB-TM22-05F-13554,100% COTTON
MENS T-SHIRT-GRAY,Men's Collection,790.00,NO Discount,ZM-TSH-TM22-02F-0096,100% COTTON
MENS T-SHIRT-BLACK,Men's Collection,790.00,NO Discount,ST-TSH-TM22-05F-0085,100% COTTON
MENS PANJABI-ASH 1,Men's Collection,"1,590.00",NO Discount,NA-PANB-TM22-05F-69,BLENDED
MENS CASUAL SHIRT -OLIVE 1,Men's Collection,"1,590.00",NO Discount,HI-SHT-TM22-02V-0124,80% COTTON 20% POLYSTER
MENS PANJABI -GREEN 1,Men's Collection,"1,890.00",NO Discount,JS-PANB-TM22-02S-0133,COTTON
MENS CASUAL SHIRT -MAROON 1,Men's Collection,"1,590.00",NO Discount,HI-SHT-TM22-02V-0124,80% COTTON 20% POLYSTER
MENS PANJABI -CAMEL,Men's Collection,"1,890.00",NO Discount,JS-PANB-TM22-02S-0133,COTTON
MENS PANJABI,Men's Collection,"2,290.00",NO Discount,JS-PANE-TM22-02S-0132,COTTON
MENS FORMAL SHIRT-WINE,Men's Collection,"1,890.00",NO Discount,MT-FOS-TM22-02S-0261,100% COTTON
MENS FORMAL SHIRT-TILL,Men's Collection,"1,890.00",NO Discount,MT-FOS-TM22-02S-0261,100% COTTON
MENS FORMAL SHIRT-RED 1,Men's Collection,"1,890.00",NO Discount,MT-FOS-TM22-02S-0261,100% COTTON
MENS FORMAL SHIRT-PLUM CASPIA,Men's Collection,"1,890.00",NO Discount,MT-FOS-TM22-02S-0261,100% COTTON
MENS FORMAL SHIRT-DARK OLIVE,Men's Collection,"1,890.00",NO Discount,MT-FOS-TM22-02S-0261,100% COTTON
MENS FORMAL SHIRT-ASH 1,Men's Collection,"1,890.00",NO Discount,MT-FOS-TM22-02S-0261,100% COTTON
MENS PANJABI - GRAY,Men's Collection,"1,690.00",NO Discount,STYLE CODE - SB-PANB-TM22-02N-16576,FABRIC - COTTON
MENS PANJABI - PISTACHIO GREEN,Men's Collection,"1,690.00",NO Discount,STYLE CODE - SB-PANB-TM22-02N-16576,FABRIC - COTTON
MENS PANJABI,Men's Collection,"1,590.00",NO Discount,,
MENS PANJABI,Men's Collection,"1,990.00",NO Discount,,
MENS PANJABI,Men's Collection,"1,590.00",NO Discount,,
MENS PANJABI,Men's Collection,"1,690.00",NO Discount,,
MENS PANJABI,Men's Collection,"1,790.00",NO Discount,,
MENS PANJABI,Men's Collection,"1,690.00",NO Discount,,
MENS PANJABI,Men's Collection,"1,690.00",NO Discount,NA-PANB-TM22-02V-61,LINEN
MENS PANJABI,Men's Collection,"1,790.00",NO Discount,HN-PANB-TM22-02E-105,WOVEN
MENS TWILL PANT - MAROON,Men's Collection,"1,490.00",894.00,RK-CHN-TM20-04A-0485,98% COTTON & 2% ELASTANE
MENS TWILL PANT - BUTTER NUT,Men's Collection,"1,490.00",894.00,RK-CHN-TM20-04A-0485,98% COTTON & 2% ELASTANE
MENS TWILL PANT - NAVY,Men's Collection,"1,490.00",894.00,RK-CHN-TM20-04A-0485,98% COTTON & 2% ELASTANE
MENS TWILL PANT - CHARCOL,Men's Collection,"1,490.00",894.00,RK-CHN-TM20-04A-0485,98% COTTON & 2% ELASTANE
MENS TWILL PANT - GREEN BAY,Men's Collection,"1,490.00",894.00,RK-CHN-TM20-04A-0485,98% COTTON & 2% ELASTANE
MENS TWILL PANT - MUSTARD,Men's Collection,"1,490.00",894.00,RK-CHN-TM20-04A-0485,98% COTTON & 2% ELASTANE
MENS TWILL PANT - GREY,Men's Collection,"1,590.00",954.00,RK-TWL-TM20-04A-0487,98% COTTON & 2% ELASTANE
MENS TWILL PANT - GREEN BAY,Men's Collection,"1,590.00",954.00,RK-TWL-TM20-04A-0487,98% COTTON & 2% ELASTANE
MENS TWILL PANT - BUTTER NUT,Men's Collection,"1,590.00",954.00,RK-TWL-TM20-04A-0488,98% COTTON & 2% ELASTANE
MENS TWILL PANT - GREEN BAY,Men's Collection,"1,590.00",954.00,RK-TWL-TM20-04A-0488,98% COTTON & 2% ELASTANE
MENS TWILL PANT - MUSTARD,Men's Collection,"1,590.00",954.00,RK-TWL-TM20-04A-0488,98% COTTON & 2% ELASTANE
MENS TWILL PANT - CHARCOL,Men's Collection,"1,590.00",954.00,RK-TWL-TM20-04A-0488,98% COTTON & 2% ELASTANE
MENS TWILL PANT - CHARCOL,Men's Collection,"1,590.00",954.00,RK-TWL-TM20-04A-0487,98% COTTON & 2% ELASTANE
MENS TWILL PANT - BUTTER NUT,Men's Collection,"1,590.00",954.00,RK-TWL-TM20-04A-0487,98% COTTON & 2% ELASTANE
MENS PANJABI-MEXICAN BLUE,Men's Collection,"2,190.00",NO Discount,JS-PANB-TM22-05F-13554,100% COTTON
MENS POLO-BLACK,Men's Collection,"1,190.00",NO Discount,ZM-POL-TM22-05F-0088,100% COTTON
MENS POLO-NAVY BLUE,Men's Collection,"1,190.00",NO Discount,ZM-POL-TM22-05F-0088,100% COTTON
MENS EMBROIDERY PANJABI-BLUE-1,Men's Collection,"2,590.00",NO Discount,SB-PANE-TM22-05F-07,WOVEN
MENS EMBROIDERY PANJABI-GREY 1,Men's Collection,"2,590.00",NO Discount,SB-PANE-TM22-05F-07,WOVEN
MENS BASIC PANJABI-ORANGE 1,Men's Collection,"2,190.00",NO Discount,<p>JS-PANB-TM22-05F-0263,100% COTTON
MENS T-SHIRT-OLIVE,Men's Collection,790.00,NO Discount,ZM-TSH-TM22-02SS-0050.,100% COTTON
MENS T-SHIRT-WHITE,Men's Collection,790.00,NO Discount,ZM-TSH-TM22-02SS-0050.,100% COTTON
MENS T-SHIRT-CHARCOAL,Men's Collection,790.00,NO Discount,ZM-TSH-TM22-02SS-0054.,100% COTTON
MENS T-SHIRT-NAVY,Men's Collection,790.00,NO Discount,ZM-TSH-TM22-02SS-0054.,100% COTTON
MENS KABLI-BLACK JET,Men's Collection,"3,290.00",NO Discount,<p>SN-KAB-TM22-05F-17,LINEN
MENS PANJABI-WHITE 1,Men's Collection,"2,390.00",NO Discount,RA-PANE-TM22-05F-83,BLENDED
MENS BASIC PANJABI-BREEN,Men's Collection,"1,790.00",NO Discount,JS-PANB-TM22-05F-17720,COTTON
MENS BASIC PANJABI-BLACK 1,Men's Collection,"1,790.00",NO Discount,JS-PANB-TM22-05F-17720,COTTON
MENS BASIC PANJABI-YELLOW 1,Men's Collection,"1,790.00",NO Discount,JS-PANB-TM22-05F-17720,COTTON
MENS T-SHIRT-GREY AOP,Men's Collection,790.00,NO Discount,ZM-TSH-TM22-02SS-0053.,100% COTTON
MENS EMBROIDERY PANJABI-EGGPLANT,Men's Collection,"2,690.00",NO Discount,PH-PANE-TM22-05F-46,COTTON
MENS BASIC PANJABI-NAVY WHITE PRINTED,Men's Collection,"1,590.00",NO Discount,SN-PANB-TM22-05F-13,100% COTTON
MENS EMBROIDERY PANJABI-GREEN 1,Men's Collection,"2,190.00",NO Discount,<p>SB-PANE-TM22-05F-06,BLENDED
MENS EMBROIDERY PANJABI-RED 1,Men's Collection,"2,190.00",NO Discount,SB-PANE-TM22-05F-06,BLENDED
MENS CASUAL SHIRT-CINNAMON,Men's Collection,"1,590.00",NO Discount,CL-SHT-TM22-04S-0005,"100% COTTON,S/J,160 GSM"
MENS BASIC PANJABI-GREEN 1,Men's Collection,"2,290.00",NO Discount,JS-PANB-TM22-05F-15692,BLENDED
MENS POLO- OFF WHITE AOP,Men's Collection,"1,190.00",NO Discount,ZM-POL-TM22-02S-0048.,100% COTTON
MENS PANJABI-WHITE,Men's Collection,"1,890.00",NO Discount,,
MENS T-SHIRT-NAVY,Men's Collection,,790.00,ZM-TSH-TM22-02SS-0052.,100% COTTON
MENS BASIC PANJABI-BLUE,Men's Collection,"1,690.00",NO Discount,PH-PANB-TM22-05F-16577,100% COTTON
MENS PANJABI-NAVY,Men's Collection,"1,990.00",NO Discount,PH-PANB-TM22-04B-19769,LINEN
MENS LS SHIRT-BLUE-WHITE AOP,Men's Collection,"1,690.00",NO Discount,ST-SHT-TM22-02SS-0024,100% COTTON
MENS LS SHIRT-WHITE-SKY BLUE AOP,Men's Collection,"1,690.00",NO Discount,ST-SHT-TM22-02SS-0024,100% COTTON
MENS WALLET-BLACK/CHOCOLATE,Men's Collection,990.00,NO Discount,MR-WALL-TM22-05F-0001,LEATHER WALLET
MENS WALLET-BROWN 1,Men's Collection,890.00,NO Discount,MR-WALL-TM22-05F-0003,LEATHER WALLET
MENS WALLET-BLACK MAT,Men's Collection,"1,090.00",NO Discount,MR-WALL-TM22-05F-0005,LEATHER WALLET
MENS PANJABI-NAVY 1,Men's Collection,"2,690.00",NO Discount,NA-PANB-TM22-05F-63,BLENDED
MENS PANJABI-PARSILAN BLUE,Men's Collection,"2,690.00",NO Discount,NA-PANB-TM22-05F-63,BLENDED
MENS PANJABI-BROWN 1,Men's Collection,"3,490.00",NO Discount,NA-PANK-TM22-05F-81,COTTON
MENS BASIC PANJABI-BLACK 1,Men's Collection,"2,690.00",NO Discount,PH-PANB-TM22-05F-16149,BLENDED
MENS KARCHUPI PANJABI- BEIGE,Men's Collection,"2,490.00",NO Discount,HN-PANK-TM22-05F-101,100% COTTON
MENS BASIC PANJABI-LIGHT GREEN,Men's Collection,"1,790.00",NO Discount,HN-PANB-TM22-05F-102,COTTON
MENS PANJABI-PEAST,Men's Collection,"2,490.00",NO Discount,NA-PANB-TM22-05F-62,100% COTTON
MENS KABLI-BLACK 1,Men's Collection,"3,490.00",NO Discount,PH-KAB-TM22-05F-49,100% COTTON
MENS BASIC PANJABI-GREEN 1,Men's Collection,"1,890.00",NO Discount,PH-PANB-TM22-05F-16584,COTTON
MENS BASIC PANJABI-WHITE YELLOW PRINT,Men's Collection,"1,590.00",NO Discount,SN-PANB-TM22-05F-09,100% COTTON
MENS FORMAL SHIRT-WHITE PERPLE,Men's Collection,"2,390.00",NO Discount,MT-FOS-TM22-05F-134,100% COTTON
MENS SHOES-CAMEL BROWN,Men's Collection,"2,190.00",NO Discount,MR-SHO-TM22-05F-1203,LEATHER
MENS SHOES-BLACK 1,Men's Collection,"2,290.00",NO Discount,MR-SHO-TM22-05F-1204,LEATHER
MENS SHOES-BROWN 1,Men's Collection,"2,290.00",NO Discount,MR-SHO-TM22-05F-1204,LEATHER
MENS SHOES-BLACK 1,Men's Collection,"2,190.00",NO Discount,MR-SHO-TM22-05F-1203,LEATHER
MENS T-SHIRT-BLACK 1,Men's Collection,650.00,325.00,RK-TSH-TM19-11W-0908,100% COTTON
MENS BASIC PANJABI-BLUE-1,Men's Collection,"1,590.00",NO Discount,SN-PANB-TM22-05F-10,100% COTTON
MENS BASIC PANJABI-PEACOCK BLUE,Men's Collection,"1,590.00",NO Discount,NA-PANB-TM22-05F-42,100% COTTON
MENS BASIC PANJABI-WHITE STAR PRINTED,Men's Collection,"1,590.00",NO Discount,SN-PANB-TM22-05F-11,100% COTTON
MENS BASIC PANJABI-BLUE STONE,Men's Collection,"2,690.00",NO Discount,PH-PANB-TM22-05F-16154,COTTON
MENS BASIC PANJABI-BLUE-1,Men's Collection,"1,590.00",NO Discount,NA-PANB-TM22-05F-42,100% COTTON
MENS BASIC PANJABI-WHITE BOX PRINTED,Men's Collection,"1,590.00",NO Discount,SN-PANB-TM22-05F-11,100% COTTON
MENS BASIC PANJABI-MAROON 1,Men's Collection,"1,690.00","1,183.00",PH-PANB-TM22-05F-15621,100% COTTON
MENS EMBROIDERY PANJABI-PURPLE PEANUT,Men's Collection,"2,690.00",NO Discount,JS-PANE-TM22-05F-15599,100% COTTON
MENS BASIC PANJABI-BLACK PRINT,Men's Collection,"1,590.00",NO Discount,PH-PANB-TM22-05F-08,100% COTTON
MENS KARCHUPI PANJABI-MAROON 1,Men's Collection,"2,490.00",NO Discount,SB-PANK-TM22-05F-0014,BLENDED
MENS PANJABI-ASH 1,Men's Collection,"1,590.00",NO Discount,NA-PANB-TM22-05F-56,BLENDED
MENS PANJABI-PARPLE,Men's Collection,"1,990.00",NO Discount,NA-PANB-TM22-05F-67,COTTON
MENS BASIC PANJABI-MUSTARD,Men's Collection,"2,490.00",NO Discount,HN-PANB-TM22-05F-103,COTTON
MENS T-SHIRT- CREAM,Men's Collection,490.00,245.00,RK-TSH-TM19-05F-0290,100% COTTON
MENS POLO-BORDEAUX,Men's Collection,"1,190.00",NO Discount,ZM-POL-TM22-02S-0046.,100% COTTON
MENS POLO-RED,Men's Collection,"1,190.00",NO Discount,ZM-POL-TM22-02S-0046.,100% COTTON
MENS TWILL PANT -BLACK,Men's Collection,"1,490.00",894.00,RK-CHN-TM20-04A-0485,98% COTTON & 2% ELASTANE
MENS WALLET-BLACK 1,Men's Collection,990.00,NO Discount,MR-WALL-TM22-05F-0004,LEATHER WALLET
MENS WALLET-BROWN 1,Men's Collection,990.00,NO Discount,MR-WALL-TM22-05F-0004,LEATHER WALLET
MENS CASUAL SHIRT- Multi Color,Men's Collection,"1,590.00",NO Discount,CL-SHTS-TM22-02F-0019,"100% COTTON,S/J,160 GSM"
MENS BASIC T-SHIRT,Men's Collection,490.00,245.00,,
MENS BASIC T-SHIRT,Men's Collection,390.00,195.00,PH-TSH-TM19-0062,100% COTTON
MENS BASIC PANJABI-WHITE 1,Men's Collection,"1,690.00",NO Discount,PH-PANB-TM22-05F-15619,100% COTTON
MENS BASIC PANJABI-YELLOW 1,Men's Collection,"1,690.00",NO Discount,PH-PANB-TM22-05F-15619,100% COTTON
MENS BASIC PANJABI-BLACK 1,Men's Collection,"2,190.00",NO Discount,JS-PANB-TM22-05F-15414,100% COTTON
MENS BASIC PANJABI-MAROON 1,Men's Collection,"2,190.00",NO Discount,JS-PANB-TM22-05F-15414,100% COTTON
MENS BASIC PANJABI-WHITE 1,Men's Collection,"2,190.00",NO Discount,JS-PANB-TM22-05F-15414,100% COTTON
MENS BASIC PANJABI-BLUE-1,Men's Collection,"2,190.00",NO Discount,<p>JS-PANB-TM22-05F-0263,100% COTTON
MENS BASIC PANJABI-WHITE 1,Men's Collection,"2,590.00",NO Discount,<p>JS-PANB-TM22-05F-15863,COTTON
MENS BASIC PANJABI-WHITE 2,Men's Collection,"2,590.00",NO Discount,JS-PANB-TM22-05F-15863,COTTON
MENS BASIC PANJABI-RED 1,Men's Collection,"2,290.00",NO Discount,JS-PANB-TM22-05F-15692,BLENDED
MENS BASIC PANJABI-COFFEE,Men's Collection,"1,690.00",NO Discount,PH-PANB-TM22-05F-16541,COTTON
MENS BASIC PANJABI-BROWN 1,Men's Collection,"1,690.00",NO Discount,PH-PANB-TM22-05F-16541,COTTON
MENS BASIC PANJABI- NAVY 1,Men's Collection,"2,690.00",NO Discount,PH-PANB-TM22-05F-16149,BLENDED
MENS EXCLUSIVE PANJABI,Men's Collection,"4,450.00","2,670.00",,
MENS CINO PANT,Men's Collection,"1,690.00","1,014.00",,
MENS CASUAL SHIRT,Men's Collection,"1,690.00",845.00,,
MENS CASUAL SHIRT,Men's Collection,"1,590.00",954.00,,
MENS DENIM PANT- DARK BLUE,Men's Collection,"1,990.00","1,393.00",AJ-DEN-TM21-03SS-0044.1,98% COTTON & 2% ELASTANE
MENS DENIM PANT- BLACK,Men's Collection,"1,990.00","1,393.00",ST-DEN-TM21-02SS-0028.2,98% COTTON & 2% ELASTANE
MENS DENIM PANT,Men's Collection,"1,990.00","1,393.00",AJ-DEN-TM21-03SS-0044.2,98% COTTON & 2% ELASTANE
MENS DENIM PANT-BLUE,Men's Collection,"1,990.00","1,393.00",ST-DEN-TM21-03SS-0039,98% COTTON & 2% ELASTANE
MENS DENIM PANT,Men's Collection,"1,990.00","1,393.00",ST-DEN-TM21-03SS-0058,98% COTTON & 2% ELASTANE
MENS CINO PANT,Men's Collection,"1,850.00","1,295.00",ST-TWI-TM21-035-0106,100% COTTON
MENS CASUAL SHIRT,Men's Collection,"1,590.00","1,113.00",CL-SHT-TM21-09AW-0181,100% COTTON
MENS CASUAL SHIRT,Men's Collection,"1,590.00","1,113.00",CL-SHT-TM21-09AW-0184,100% COTTON
MENS EMBROIDERY PANJABI-JAM,Men's Collection,"2,690.00",NO Discount,PH-PANE-TM22-05F-45,100% COTTON
MENS EMBROIDERY PANJABI-NAVY BLUE 1,Men's Collection,"1,890.00",NO Discount,<p>NA-PANB-TM22-05F-68,COTTON
MENS EMBROIDERY PANJABI-WHITE 1,Men's Collection,"1,890.00",NO Discount,<p>NA-PANB-TM22-05F-68,COTTON
MENS EMBROIDERY PANJABI-INDIGO 1,Men's Collection,"2,690.00",NO Discount,PH-PANE-TM22-05F-46,COTTON
MENS EMBROIDERY KABLI-WHITE,Men's Collection,"3,290.00",NO Discount,<p>PH-KABE-TM22-05F-18869,LINEN
MENS EMBROIDERY KABLI-PASTEL GREEN,Men's Collection,"3,290.00",NO Discount,<p>PH-KABE-TM22-05F-18869,LINEN
MENS KABLI,Men's Collection,"3,390.00","2,034.00",,
MENS FORMAL SHIRT,Men's Collection,"1,890.00","1,323.00",,
MENS FORMAL SHIRT,Men's Collection,"2,290.00","1,603.00",MT-FOS-TM21-05F-0197,100% COTTON
MENS FORMAL SHIRT,Men's Collection,"1,890.00","1,323.00",OT-FOS-TM21-05F-0247,100% COTTON
MENS LS SHIRT,Men's Collection,"1,690.00","1,183.00",ST-SHT-TM21-02F-0008,100% COTTON
MENS LS SHIRT,Men's Collection,"1,690.00","1,183.00",ST-SHT-TM21-02F-0010,100% COTTON
MENS LS SHIRT,Men's Collection,"1,690.00","1,183.00",ST-SHT-TM21-03SS-0071,100% COTTON
MENS KABLI-INK BLACK,Men's Collection,"3,090.00",NO Discount,JS-KAB-TM22-05F-14114,100% LINEN
MENS KABLI-NAVY BLUE 1,Men's Collection,"3,290.00",NO Discount,<p>SN-KAB-TM22-05F-17,LINEN
MENS FORMAL SHIRT-BLUE STRIPE,Men's Collection,"2,390.00",NO Discount,MT-FOS-TM22-05F-134,100% COTTON
MENS FORMAL SHIRT-GREEN WHITE CHECK,Men's Collection,"2,390.00",NO Discount,MT-FOS-TM22-05F-134,100% COTTON
MENS FORMAL SHIRT-LIGHT GREEN,Men's Collection,"2,390.00",NO Discount,MT-FOS-TM22-05F-134,100% COTTON
MENS FORMAL SHIRT-LIGHT PURPLE,Men's Collection,"2,390.00",NO Discount,MT-FOS-TM22-05F-134,100% COTTON
MENS FORMAL SHIRT-PURPLE STRIPE,Men's Collection,"2,390.00",NO Discount,MT-FOS-TM22-05F-134,100% COTTON
MENS FORMAL SHIRT-WHT PINK BULE,Men's Collection,"2,390.00",NO Discount,MT-FOS-TM22-05F-134,100% COTTON
MENS PANJABI,Men's Collection,"1,790.00","1,074.00",,
MENS PANJABI,Men's Collection,"1,990.00","1,194.00",,
MENS PANJABI,Men's Collection,"2,690.00","1,614.00",,
MENS PANJABI,Men's Collection,"1,990.00","1,194.00",,
MENS PANJABI,Men's Collection,"1,990.00","1,194.00",,
MENS PANJABI,Men's Collection,"1,790.00","1,074.00",,
MENS PANJABI,Men's Collection,"1,690.00","1,014.00",,
MENS PANJABI,Men's Collection,"1,790.00","1,074.00",,
MENS PANJABI,Men's Collection,"1,590.00",954.00,,
MENS PANJABI,Men's Collection,"1,490.00",894.00,,
MENS PANJABI,Men's Collection,"1,690.00","1,183.00",,
MENS PANJABI,Men's Collection,"1,690.00","1,183.00",,
MENS PANJABI,Men's Collection,"1,890.00","1,323.00",,
MENS PANJABI,Men's Collection,"1,690.00","1,183.00",,
MENS PANJABI,Men's Collection,"1,990.00","1,393.00",,
MENS PANJABI,Men's Collection,"1,990.00","1,393.00",,
MENS PANJABI,Men's Collection,"1,890.00","1,134.00",,
MENS PANJABI,Men's Collection,"1,690.00","1,014.00",,
MENS PANJABI,Men's Collection,"1,690.00","1,014.00",,
MENS PANJABI,Men's Collection,"1,690.00","1,014.00",,
MENS PANJABI,Men's Collection,"1,590.00",954.00,,
MENS PANJABI,Men's Collection,"1,890.00","1,134.00",,
MENS PANJABI,Men's Collection,"1,790.00","1,074.00",,
MENS PANJABI,Men's Collection,"1,590.00",954.00,,
MENS PANJABI,Men's Collection,"1,690.00","1,014.00",,
MENS LS T-SHIRT,Men's Collection,990.00,NO Discount,ST-FTSH-TM21-09AW-0107,100% COTTON
MENS LS T-SHIRT,Men's Collection,990.00,NO Discount,ST-FTSH-TM21-09AW-0119,"95% COTTON, 5% ELASTANE"
MENS LS T-SHIRT,Men's Collection,890.00,NO Discount,ZM-FTSH-TM21-09AW-0078,100% COTTON
MENS LS T-SHIRT,Men's Collection,890.00,NO Discount,ZM-FTSH-TM21-09AW-0086,100% COTTON
MENS LS T-SHIRT,Men's Collection,890.00,NO Discount,ST-FTSH-TM21-09AW-0140,100% COTTON
MENS LS T-SHIRT,Men's Collection,890.00,NO Discount,ST-FTSH-TM21-09AW- 0107,100% COTTON
MENS LS T-SHIRT,Men's Collection,890.00,NO Discount,ST-FTSH-TM21-09AW-0153,100% COTTON
MENS LS T-SHIRT,Men's Collection,890.00,NO Discount,ST-FTSH-TM21-09AW-0136,100% COTTON
MENS PANJABI,Men's Collection,"2,390.00","1,673.00",,
MENS PANJABI,Men's Collection,"2,090.00","1,463.00",,
MENS PANJABI,Men's Collection,"1,990.00","1,194.00",,
MENS PANJABI,Men's Collection,"1,990.00","1,194.00",,
MENS PANJABI,Men's Collection,"2,490.00","1,494.00",,
MENS PANJABI,Men's Collection,"2,090.00","1,254.00",,
MENS PANJABI,Men's Collection,"1,890.00","1,134.00",,
MENS PANJABI,Men's Collection,"2,290.00","1,374.00",,
MENS PANJABI,Men's Collection,"1,790.00","1,253.00",,
MENS PANJABI,Men's Collection,"2,190.00","1,314.00",,
MENS PANJABI,Men's Collection,"2,191.00","1,314.60",,
MENS PANJABI,Men's Collection,"2,590.00","1,554.00",,
MENS PANJABI,Men's Collection,"2,290.00","1,374.00",,
MENS PANJABI,Men's Collection,"2,190.00","1,314.00",,
MENS PANJABI,Men's Collection,"2,290.00","1,603.00","<p>HN-PANE-TM21-07A-16</p>
<p>BLENDED MENS PANJABI",
MENS PANJABI,Men's Collection,"1,890.00","1,134.00",<p>JA-PAN-B-TM20-05F-266,"</p>
<p>COTTON MENS PANJABI"
MENS PANJABI,Men's Collection,"1,890.00","1,134.00",<p>COTTON MENS PANJABI,
MENS PANJABI,Men's Collection,"2,190.00",NO Discount,"<p><span>JS-PANB-TM21-05F-0208</span></p>
<p>100% COTTON MENS PANJABI",
MENS PANJABI,Men's Collection,"2,190.00","1,533.00",<p>100% COTTON MENS PANJABI,
MENS PANJABI,Men's Collection,"1,890.00","1,323.00","<p>JS-PANB-TM21-07A-0150</p>
<p>BLENDED MENS PANJABI",
MENS PANJABI,Men's Collection,"2,190.00","1,533.00",<p>JS-PAN-E-TM21-07A-0151,"</p>
<p>COTTON MENS PANJABI"
MENS PANJABI,Men's Collection,"2,590.00","1,813.00",<p>COTTON MENS PANJABI,
MENS PANJABI,Men's Collection,"2,450.00","1,470.00",<p>COTTON MENS PANJABI,
MENS PANJABI,Men's Collection,"1,990.00","1,194.00",<p>PH-PAN-B-TM20-05F-0457,"</p>
<p>BLENDED MENS PANJABI"
MENS PANJABI,Men's Collection,"2,190.00","1,533.00",<p>BLENDED MENS PANJABI,
MENS PANJABI,Men's Collection,"2,190.00","1,533.00",<p>PH-PANB-TM21-05F-0227,"</p>
<p>100% COTTON MENS PANJABI"
MENS PANJABI,Men's Collection,"2,290.00","1,374.00",<p>RA-PAN-E-TM20-05F-0301,"</p>
<p>COTTON MENS PANJABI"
MENS PANJABI,Men's Collection,"2,390.00","1,434.00",<p>COTTON MENS PANJABI,
MENS PANJABI,Men's Collection,"1,850.00","1,110.00",<p>BLENDED MENS PANJABI,
MENS PANJABI,Men's Collection,"2,290.00","1,603.00",HN-PANB-TM21-07A-15,BLENDED
MENS PANJABI,Men's Collection,"1,790.00","1,253.00",JS-PANB-TM21-07A-0158,WOVEN
MENS PANJABI,Men's Collection,"2,190.00","1,533.00",JS-PAN-E-TM21-05F-0152,COTTON
MENS PANJABI,Men's Collection,"1,890.00","1,323.00",NA-PANK-TM21-07A-009,BLENDED
MENS PANJABI,Men's Collection,"1,790.00","1,074.00",PH-PAN-B-TM20-05F-0271,COTTON
MENS PANJABI,Men's Collection,"2,190.00","1,314.00",PH-PAN-E-TM20-05F-0379,100% COTTON
MENS PANJABI,Men's Collection,"2,590.00","1,554.00",PH-PAN-K-TM20-05F-0269,COTTON
MENS PANJABI,Men's Collection,"1,590.00","1,113.00",SN-PANB-TM21-07A-006,LINEN
MENS PANJABI,Men's Collection,"1,690.00","1,183.00",,
MENS PANJABI,Men's Collection,"2,090.00","1,463.00",,
MENS PANJABI,Men's Collection,"1,690.00","1,183.00",JS-PAN-B-TM21-02S-0142,100% COTTON
MENS PANJABI,Men's Collection,"2,190.00","1,533.00",JS-PANB-TM21-05F-0207,COTTON
MENS PANJABI,Men's Collection,"2,690.00","1,883.00",HN-PANK-TM21-05F-12,BLENDED
MENS POLO,Men's Collection,"1,190.00",714.00,,
MENS POLO,Men's Collection,"1,190.00",714.00,,
MENS PAYJAMA,Men's Collection,990.00,594.00,,
MENS POLO,Men's Collection,790.00,395.00,PH-POL-TM19-0061,100% COTTON
MENS POLO,Men's Collection,890.00,445.00,,
MENS PAYJAMA,Men's Collection,850.00,595.00,PH-PNP-TM21-05F-0177,100% COTTON
MENS PANJABI,Men's Collection,"1,790.00","1,253.00",JS-PANB-TM21-05F-0155,100% COTTON
MENS PANJABI,Men's Collection,"1,790.00","1,074.00",HN-PAN-B-TM20-05F-283,LINEN
MENS PANJABI,Men's Collection,"2,290.00","1,374.00",PH-PAN-B-TM20-05F-0481,BLENDED
MENS PANJABI,Men's Collection,"2,290.00","1,603.00",<p>JS-PANB-TM21-10P-0242,100% COTTON
MENS PANJABI,Men's Collection,"2,190.00","1,533.00",<p>PH-PANB-TM21-10P-0262.,100% LINEN
MENS PANJABI,Men's Collection,"2,690.00","1,883.00",<p>PH-PANE-TM21-10P-0274,100% COTTON
MENS PANJABI,Men's Collection,"2,290.00","1,603.00",JS-PANE-TM21-11W-0276,100% COTTON
MENS PANJABI,Men's Collection,"2,390.00","1,673.00",JS-PANE-TM21-11W-0267,100% COTTON
MENS PANJABI,Men's Collection,"1,690.00","1,183.00",NA-PANB-TM21-11W-57,COTTON
MENS PANJABI,Men's Collection,"2,590.00","1,813.00",PH-PANB-TM21-11W-0259,100% COTTON
MENS PANJABI,Men's Collection,"2,290.00","1,603.00",PH-PANB-TM21-11W-13488,100% COTTON
MENS PANJABI,Men's Collection,"2,590.00","1,813.00",PH-PANE-TM21-11W-0273,100% COTTON
MENS PANJABI,Men's Collection,"2,490.00","1,743.00",PH-PANK-TM21-11W-0274,100% COTTON
MENS PANJABI,Men's Collection,"1,790.00","1,253.00",SB-PANK-TM21-11W-0277,BLENDED
MENS PANJABI,Men's Collection,"2,090.00","1,463.00",JS-PANB-TM21-11W-0278,100% COTTON
MENS PANJABI-WHITE 1,Men's Collection,"1,790.00",NO Discount,NA-PANB-TM22-05F-60,LINEN
MENS PANJABI-MASTARD,Men's Collection,"3,190.00",NO Discount,RA-PANE-TM22-05F-18601,LINEN
MENS PANJABI-PEACHY KEEN,Men's Collection,"2,490.00",NO Discount,JS-PANK-TM22-05F-18837,COTTON
MENS PANJABI-WHITE STRIPE,Men's Collection,"1,790.00",NO Discount,NA-PANB-TM22-05F-60,LINEN
MENS PANJABI-GREY 1,Men's Collection,"2,290.00",NO Discount,NA-PANE-TM22-05F-41,100% COTTON
MENS PANJABI-MAROON 1,Men's Collection,"2,290.00",NO Discount,NA-PANE-TM22-05F-41,100% COTTON
MENS PANJABI-INK BLACK,Men's Collection,"2,790.00",NO Discount,NA-PANB-TM22-05F-71,BLENDED
MENS PANJABI-MAROON,Men's Collection,"1,890.00",NO Discount,RA-PANB-TM22-04B-19371,BLENDED
MENS PANJABI-BLUE,Men's Collection,"2,490.00",NO Discount,NA-PANB-TM22-05F-62,100% COTTON
MENS POLO,Men's Collection,"1,090.00",545.00,RK-POL-TM19-12W-1128,100% POLYESTER
MENS POLO,Men's Collection,"1,090.00",545.00,RK-POL-TM19-12W-1129,100% POLYESTER
MENS POLO,Men's Collection,790.00,474.00,RK-POL-TM20-02F-0019,65% POLYESTER 35% COTTON
MENS POLO,Men's Collection,"1,090.00",763.00,ST-POL-TM21-03S-0036,80% COTTON 20% POLYSTER
MENS POLO,Men's Collection,"1,090.00",654.00,,
MENS POLO,Men's Collection,"1,290.00",774.00,,
MENS POLO,Men's Collection,"1,290.00",774.00,,
MENS POLO,Men's Collection,"1,290.00",774.00,,
MENS POLO,Men's Collection,"1,290.00",NO Discount,,
MENS POLO,Men's Collection,"1,190.00",595.00,RK-POL-TM19-11W-0883,100% COTTON
MENS POLO,Men's Collection,"1,190.00",595.00,ST-POL-TM19-11W-0775,COTTON
MENS POLO,Men's Collection,"1,090.00",545.00,PH-POL-TM19-05F-0198,100% COTTON
MENS POLO,Men's Collection,"1,090.00",545.00,RK-POL-TM19-05F-0346,100% POLYESTER
MENS POLO,Men's Collection,950.00,475.00,RK-POL-TM19-06F-0368,100% POLYESTER
MENS POLO,Men's Collection,"1,190.00",595.00,RK-POL-TM19-12W-1132,100% COTTON
MENS POLO,Men's Collection,"1,190.00",714.00,NM-POL-TM20-05F-0430,100% COTTON
MENS POLO,Men's Collection,"1,290.00",774.00,NM-POL-TM20-04A-0344,100% COTTON
MENS SHOES,Men's Collection,"3,990.00","1,995.00",,
MENS SHOES,Men's Collection,"3,990.00","1,995.00",MEN'S SHOES,FH-SHO-TM19-11W-1104
MENS SHOES,Men's Collection,"3,990.00","1,995.00",,
MENS T- SHIRT,Men's Collection,690.00,345.00,,
MENS T- SHIRT,Men's Collection,650.00,325.00,,
MENS T- SHIRT,Men's Collection,650.00,325.00,,
MENS T- SHIRT,Men's Collection,650.00,325.00,,
MENS T- SHIRT,Men's Collection,690.00,345.00,,
MENS T- SHIRT,Men's Collection,550.00,275.00,,
MENS T- SHIRT,Men's Collection,690.00,345.00,,
MENS T- SHIRT,Men's Collection,650.00,325.00,,
MENS T- SHIRT,Men's Collection,550.00,275.00,,
MENS T- SHIRT,Men's Collection,590.00,295.00,,
MENS T- SHIRT,Men's Collection,590.00,354.00,,
MENS T- SHIRT,Men's Collection,590.00,354.00,,
MENS T- SHIRT,Men's Collection,590.00,354.00,,
MENS T- SHIRT,Men's Collection,590.00,354.00,,
MENS T- SHIRT,Men's Collection,590.00,354.00,,
MENS T- SHIRT,Men's Collection,690.00,414.00,,
MENS T- SHIRT,Men's Collection,690.00,414.00,,
MENS VEST,Men's Collection,"2,790.00","1,674.00",,
MENS VEST,Men's Collection,"2,890.00","1,734.00",,
MENS VEST,Men's Collection,"3,190.00",NO Discount,,
MENS T- SHIRT,Men's Collection,690.00,414.00,,
MENS T- SHIRT,Men's Collection,690.00,414.00,,
MENS T- SHIRT,Men's Collection,690.00,414.00,,
MENS T- SHIRT,Men's Collection,690.00,414.00,,
MENS T- SHIRT,Men's Collection,690.00,414.00,,
MENS T- SHIRT,Men's Collection,690.00,414.00,,
MENS T- SHIRT,Men's Collection,690.00,414.00,,
MENS T- SHIRT,Men's Collection,550.00,385.00,,
MENS T- SHIRT,Men's Collection,650.00,325.00,,
MENS T- SHIRT,Men's Collection,650.00,325.00,,
MENS T- SHIRT,Men's Collection,650.00,325.00,,
MENS T- SHIRT,Men's Collection,650.00,390.00,,
MENS T- SHIRT,Men's Collection,650.00,390.00,,
MENS T- SHIRT,Men's Collection,690.00,414.00,,
MENS T- SHIRT,Men's Collection,590.00,413.00,,
MENS T- SHIRT,Men's Collection,390.00,195.00,PH-TSH-TM19-0082,100% COTTON
MENS TROUSER PAJAMA,Men's Collection,790.00,553.00,PH-TRP-TM21-05F-0179,100% COTTON
MENS T- SHIRT,Men's Collection,550.00,275.00,ST-TSH-TM19-08A-0457,100% COTTON
MENS T- SHIRT,Men's Collection,650.00,325.00,RK-TSH-TM19-10-0827,100% COTTON
MENS T- SHIRT,Men's Collection,650.00,325.00,RH-TST-TM19-08A-0528,95% COTTON 5% SPANDEX
MENS T- SHIRT,Men's Collection,690.00,414.00,ST-TSH-TM20-04B-0239,100% COTTON
MENS TANK TOP,Men's Collection,450.00,225.00,RK-TNK-TM19-05F-0271,100% COTTON
MENS DENIM PANT-BLUE,Men's Collection,"1,990.00","1,393.00",AJ-DEN-TM21-03SS-0038.2,98% COTTON & 2% ELASTANE
MENS SHORT SLEEVE SHIRT-BLUE AOP,Men's Collection,"1,490.00",NO Discount,ST-SHTS-TM22-02SS-0035,100% COTTON
MENS SHORT SLEEVE SHIRT-WHITE AOP,Men's Collection,"1,490.00",NO Discount,ST-SHTS-TM22-02SS-0035,100% COTTON
MENS BASIC PANJABI-NAVY KALKA PRINT,Men's Collection,"1,590.00",NO Discount,SN-PANB-TM22-05F-12,100% COTTON
MENS POLO-BLUE RED,Men's Collection,"1,190.00",714.00,NM-POL-TM20-02S-0091,100% COTTON
MENS POLO-GREEN 1,Men's Collection,"1,190.00",714.00,NM-POL-TM20-02S-0091,100% COTTON
MENS POLO-WHITE AOP 1,Men's Collection,"1,190.00",714.00,NM-POL-TM20-02S-0091,100% COTTON
MENS CASUAL SHIRT-CINNAMON,Men's Collection,"1,590.00",NO Discount,CL-SHT-TM22-02F-0010,"100% COTTON,S/J,160 GSM"
MENS CASUAL SHIRT-NAVY,Men's Collection,"1,590.00",NO Discount,CL-SHT-TM22-02F-0010,"100% COTTON,S/J,160 GSM"
MENS CASUAL SHIRT- MULTI COLOR AOP,Men's Collection,"1,590.00","1,113.00",ST-SHT-TM21-04SS-0096,100% COTTON
MENS CASUAL SHIRT- WHITE AND NAVY AOP,Men's Collection,"1,590.00","1,113.00",ST-SHT-TM21-04SS-0096,100% COTTON
MENS POLO- BLACK,Men's Collection,"1,190.00",NO Discount,ZM-POL-TM22-05F-0089,100% COTTON
MENS POLO- BLACK,Men's Collection,"1,190.00",NO Discount,ZM-POL-TM22-05F-0090,100% COTTON
MENS POLO- GREEN,Men's Collection,"1,190.00",NO Discount,ZM-POL-TM22-05F-0090,100% COTTON
MENS POLO- MAROON,Men's Collection,"1,190.00",NO Discount,ZM-POL-TM22-05F-0090,100% COTTON
MENS CASUAL SHIRT- SAFRAN YELLOW,Men's Collection,"1,590.00",NO Discount,CL-SHT-TM22-02F-0010,"100% COTTON,S/J,160 GSM"
MENS DENIM PANT-DARK BLUE,Men's Collection,"1,790.00","1,253.00",ST-DEN-TM21-03SS-0041,98% COTTON & 2% ELASTANE
MENS DENIM PANT- BLACK,Men's Collection,"1,790.00","1,253.00",ST-DEN-TM21-03SS-0061,98% COTTON & 2% ELASTANE
MENS CASUAL SHIRT- BLACK,Men's Collection,"1,590.00","1,113.00",ST-SHT-TM21-04SS-0081.1,100% COTTON
MENS CASUAL SHIRT- SKY BLUE,Men's Collection,"1,590.00","1,113.00",ST-SHT-TM21-04SS-0081.1,100% COTTON
MENS CASUAL SHIRT- BLACK AOP,Men's Collection,"1,490.00",NO Discount,ST-SHTS-TM22-02SS-0034,100% COTTON
MENS CASUAL SHIRT- NAVY BLUE,Men's Collection,"1,590.00",954.00,ST-SHT-TM20-03M-0023.,100% COTTON
MENS CASUAL SHIRT- BLACK & YELLOW,Men's Collection,"1,290.00",903.00,ST-SHT-TM21-04SS-0099-2,100% COTTON
MENS CASUAL SHIRT- GREY AND FOREST GREEN,Men's Collection,"1,590.00","1,113.00",ST-SHT-TM21-04SS-0094,100% COTTON
MENS CASUAL SHIRT- WHITE BLACK AOP,Men's Collection,,"1,490.00",ST-SHTS-TM22-02SS-0033,100% COTTON
MENS CASUAL SHIRT- BLACK WHITE STRIPE,Men's Collection,,"1,490.00",ST-SHTS-TM22-02SS-0033,100% COTTON
MENS CASUAL SHIRT- BLUE WHITE AOP,Men's Collection,,"1,490.00",ST-SHTS-TM22-02SS-0033,100% COTTON
MENS CINO PANT- NAVY,Men's Collection,"1,850.00","1,295.00",AJ-TWI-TM21-03S-0068,100% COTTON
MENS DENIM PANT- WHITE,Men's Collection,"1,990.00","1,393.00",ST-DEN-TM21-03SS-0057,98% COTTON & 2% ELASTANE
MENS SHORTS PANT- LT BEIGE,Men's Collection,,990.00,ST-SOT-TM21-03SS-0071.,100% COTTON
MENS SHORTS PANT- WHITE,Men's Collection,,990.00,ST-SOT-TM21-03SS-0071.,100% COTTON
MENS CASUAL SHIRT- MULTI COLOR,Men's Collection,,"1,590.00",CL-SHT-TM22-04S-0001,"100% COTTON,S/J,160 GSM"
MENS CASUAL SHIRT- WHITE ORANGE,Men's Collection,,"1,690.00",ST-SHT-TM22-02SS-0022,100% COTTON
MENS CASUAL SHIRT- PINK,Men's Collection,"1,590.00",NO Discount,CL-SHT-TM22-02F-0003,"100% COTTON,S/J,160 GSM"
MENS CASUAL SHIRT- WHITE ORANGE AOP,Men's Collection,,"1,690.00",ST-SHT-TM22-02SS-0029,100% COTTON
MENS CASUAL SHIRT- WHITE GREEN AOP,Men's Collection,,"1,690.00",ST-SHT-TM22-02SS-0029,100% COTTON
MENS CASUAL SHIRT- YELLOW,Men's Collection,,"1,590.00",CL-SHT-TM22-04S-0002,"100% COTTON,S/J,160 GSM"
MENS CASUAL SHIRT-BLACK ORANGE,Men's Collection,"1,690.00","1,183.00",ST-SHT-TM21-04SS-0098,100% COTTON
MENS CASUAL SHIRT- BLUE,Men's Collection,,"1,590.00",CL-SHT-TM22-04S-0004,"100% COTTON,S/J,160 GSM"
MENS CASUAL SHIRT- NAVY,Men's Collection,,"1,590.00",CL-SHT-TM22-04S-0007,"100% COTTON,S/J,160 GSM"
MENS CASUAL SHIRT- BLACK WHITE,Men's Collection,"1,590.00","1,113.00",ST-SHT-TM21-04SS-0104-2,100% COTTON
MENS CASUAL SHIRT- LIGHT BLUE,Men's Collection,,"1,590.00",CL-SHT-TM22-02F-0009,"100% COTTON,S/J,160 GSM"
MENS CASUAL SHIRT- MINT GREEN,Men's Collection,,"1,590.00",CL-SHT-TM22-02F-0009,"100% COTTON,S/J,160 GSM"
MENS CASUAL SHIRT- SAND,Men's Collection,,"1,590.00",CL-SHT-TM22-02F-0009,"100% COTTON,S/J,160 GSM"
MENS CASUAL SHIRT- DARK BLUE,Men's Collection,,"1,590.00",CL-SHT-TM22-02F-0020,"100% COTTON,S/J,160 GSM"
MENS POLO- CYAN BLUE,Men's Collection,,"1,190.00",ZM-POL-TM22-05F-0098,100% COTTON
MENS POLO- WHITE AOP,Men's Collection,"1,190.00",714.00,NM-POL-TM20-02S-0092,100% COTTON
MENS POLO- WHITE,Men's Collection,,"1,190.00",ZM-POL-TM22-05F-0098,100% COTTON
MENS POLO- ORANGE AOP,Men's Collection,"1,190.00",714.00,NM-POL-TM20-02S-0092,100% COTTON
MENS DENIM PANT- DARK BLUE,Men's Collection,"2,190.00",NO Discount,AJ-DEN-TM22-02S-0038,98% COTTON 2% SPANDEX
MENS FORMAL PANT- GREY,Men's Collection,"1,890.00","1,323.00",MT-FPN-TM21-05F-0251,BLENDED
MENS FORMAL PANT- ASH,Men's Collection,"2,090.00",NO Discount,MT-FPN-TM22-02S-0275,COTTON
MENS FORMAL PANT- DRESS BLUE,Men's Collection,"2,090.00",NO Discount,MT-FPN-TM22-02S-0275,COTTON
MENS FORMAL PANT- INK BLACK,Men's Collection,"2,090.00",NO Discount,MT-FPN-TM22-02S-0275,COTTON
MENS FORMAL PANT- NAVY,Men's Collection,"2,090.00",NO Discount,MT-FPN-TM22-02S-0275,COTTON
MENS FORMAL PANT- CHARCOL,Men's Collection,"2,090.00",NO Discount,MT-FPN-TM22-02S-0275,COTTON
MENS PANJABI- BLACK,Men's Collection,,"2,090.00",SB-PANB-TM22-05F-18839,BLENDED
MENS PANJABI- BLUE,Men's Collection,,"2,090.00",SB-PANB-TM22-05F-18839,BLENDED
MENS EMBROIDERY PANJABI- BLACK,Men's Collection,,"2,465.00",NA-PANE-TM22-07A-157,COTTON
MENS PANJABI- BLACK,Men's Collection,,"1,907.00",NA-PANB-TM22-07A-73,BLENDED
MENS PANJABI- WHITE,Men's Collection,,"1,907.00",NA-PANB-TM22-07A-73,BLENDED
MENS PANJABI- NAVY,Men's Collection,,"1,907.00",NA-PANB-TM22-07A-73,BLENDED
MENS PANJABI- BLACKBERRY CORDIAL,Men's Collection,,"2,781.00",JS-PANB-TM22-07A-18306,BLENDED
MENS PANJABI- BLUE,Men's Collection,,"2,781.00",JS-PANB-TM22-07A-18306,BLENDED
MENS PANJABI- MAROON,Men's Collection,,"2,781.00",JS-PANB-TM22-07A-18306,BLENDED
MENS KABLI- VIOLET,Men's Collection,,"2,977.00",PH-KABB-TM22-07A-18868.,LINEN
MENS KABLI- KHAKI,Men's Collection,,"3,023.00",PH-KABB-TM22-07A-18491,LINEN
MENS KABLI- OLIVE,Men's Collection,,"3,023.00",PH-KABB-TM22-07A-18491,LINEN
MENS KARCHUPI PANJABI- GOLDEN,Men's Collection,,"2,781.00",PH-PANK-TM22-07A-16792,BLENDED
MENS KARCHUPI PANJABI- COFFEE,Men's Collection,,"2,781.00",PH-PANK-TM22-07A-16792,BLENDED
MENS EMBROIDERY PANJABI- GREY,Men's Collection,,"1,944.00",SB-PANE-TM22-07A-17418,COTTON
MENS EMBROIDERY PANJABI- DARK GREY,Men's Collection,,"1,944.00",SB-PANE-TM22-07A-17418,COTTON
MENS PANJABI- BLUE,Men's Collection,,"1,907.00",JS-PANB-TM22-07A-18947,COTTON
MENS PANJABI- GREEN,Men's Collection,,"1,907.00",JS-PANB-TM22-07A-18947,COTTON
MENS PANJABI- RED,Men's Collection,,"1,907.00",JS-PANB-TM22-07A-18947,COTTON
MENS PANJABI- BLUE,Men's Collection,,"2,605.00",MY-PANB-TM22-07A-18774,BLENDED
MENS EMBROIDERY PANJABI- OLIVE,Men's Collection,,"2,316.00",RA-PANE-TM22-07A-18090,BLENDED
MENS EMBROIDERY PANJABI- ASHLY BLUE,Men's Collection,,"2,558.00",JS-PANE-TM22-07A-15598,COTTON
MENS EMBROIDERY PANJABI- POTENT PURPLE,Men's Collection,,"2,558.00",JS-PANE-TM22-07A-15598,COTTON
MENS PANJABI- COFFEE,Men's Collection,,"1,767.00",NA-PANB-TM22-07A-77,LINEN
MENS PANJABI- MAROON,Men's Collection,,"1,767.00",NA-PANB-TM22-07A-77,LINEN
MENS PANJABI- BLACK,Men's Collection,,"1,535.00",PH-PANB-TM22-07A-18860,BLENDED
MENS PANJABI- OLIVE,Men's Collection,,"1,535.00",PH-PANB-TM22-07A-18860,BLENDED
MENS PANJABI- WHITE,Men's Collection,,"1,535.00",PH-PANB-TM22-07A-18860,BLENDED
MENS PANJABI- YELLOW,Men's Collection,,"1,535.00",PH-PANB-TM22-07A-18860,BLENDED
MENS PANJABI- OLIVE,Men's Collection,,"1,581.00",NA-PANB-TM22-07A-72,COTTON
MENS PANJABI- GRAY,Men's Collection,,"1,758.00",NA-PANB-TM22-07A-78,COTTON
MENS PANJABI- MINT,Men's Collection,,"1,758.00",NA-PANB-TM22-07A-78,COTTON
MENS CINO PANT- DARK OLIVE,Men's Collection,,"1,690.00",HI-CHNS-TM22-02S-0057,100% COTTON
MENS PANJABI- COFFEE,Men's Collection,,"1,990.00",NA-PANB-TM22-05F-76,COTTON
MENS PANJABI- MAROON,Men's Collection,,"1,990.00",NA-PANB-TM22-05F-76,COTTON
MENS PANJABI- RED,Men's Collection,,"1,990.00",NA-PANB-TM22-05F-76,COTTON
MENS PANJABI- BLACK,Men's Collection,,"1,851.00",JS-PANB-TM22-07A-18841,COTTON
MENS PANJABI- DEEP BLUE,Men's Collection,,"1,851.00",JS-PANB-TM22-07A-18841,COTTON
MENS PANJABI- MAROON,Men's Collection,,"1,990.00",,
MENS PANJABI- WHITE,Men's Collection,,"1,990.00",JS-PANB-TM22-05F-18946,COTTON
MENS T-SHIRT- LIGHT GREY,Men's Collection,,642.00,ST-TSHA-TM22-07A-0148,100% POLYESTER
MENS T-SHIRT- ORANGE,Men's Collection,,642.00,ST-TSHA-TM22-07A-0148,100% POLYESTER
MENS T-SHIRT- ROYAL BLUE,Men's Collection,,642.00,ST-TSHA-TM22-07A-0148,100% POLYESTER
MENS T-SHIRT- BLACK,Men's Collection,,642.00,ST-TSHA-TM22-07A-0148,100% POLYESTER
MENS T-SHIRT- RED,Men's Collection,,642.00,ST-TSHA-TM22-07A-0148,100% POLYESTER
MENS T-SHIRT- YELLOW FLOUR,Men's Collection,,642.00,ST-TSHA-TM22-07A-0148,100% POLYESTER
MENS POLO- WHITE,Men's Collection,,"1,200.00",ZM-POL-TM22-07F-0134,PIQUE FABRIC 100% COTTON
MENS PANJABI- OLIVE,Men's Collection,,"1,581.00",RA-PANB-TM22-07A-18373,COTTON
MENS PANJABI- WHITE,Men's Collection,,"1,581.00",RA-PANB-TM22-07A-18373,COTTON
MENS EMBROIDERY PANJABI- BLACK,Men's Collection,,"2,186.00",JS-PANE-TM22-07A-18840,COTTON
MENS EMBROIDERY PANJABI- DEEP BLUE,Men's Collection,,"2,186.00",JS-PANE-TM22-07A-18840,COTTON
MENS DENIM PANT- DARK BLUE,Men's Collection,,"2,190.00",AJ-DEN-TM22-02S-0037,98% COTTON 2% SPANDEX
MENS DENIM PANT- BLACK,Men's Collection,,"2,190.00",AJ-DEN-TM22-02S-0080,98% COTTON 2% SPANDEX
MENS DENIM PANT- DARK BLUE,Men's Collection,,"2,190.00",AJ-DEN-TM22-02S-0079,98% COTTON 2% SPANDEX
MENS KABLI- MAROON,Men's Collection,,"2,884.00",JS-KAB-TM22-07A-18741,LINEN
MENS EMBROIDERY PANJABI- MAROON,Men's Collection,,"2,837.00",NA-PANE-TM22-07A-70,BLENDED
MENS EMBROIDERY PANJABI- OLIVE,Men's Collection,,"2,837.00",NA-PANE-TM22-07A-70,BLENDED
MENS CASUAL SHIRT- BLACK,Men's Collection,,"1,590.00",HI-SHT-TM22-05F-0120.1,100% COTTON
MENS CASUAL SHIRT- OLIVE,Men's Collection,,"1,590.00",HI-SHT-TM22-05F-0120,100% COTTON
MENS CASUAL SHIRT- BLUE,Men's Collection,,"1,590.00",HI-SHT-TM22-05F-0114,100% COTTON
MENS CASUAL SHIRT- WHITE,Men's Collection,,"1,590.00",HI-SHT-TM22-05F-0114,100% COTTON
MENS T-SHIRT- PURPLE,Men's Collection,,791.00,ST-TSHA-TM22-07A-0166,100% POLYESTER
MENS CASUAL SHIRT- KHAKI,Men's Collection,,"1,590.00",HI-SHT-TM22-07A-0113.1,100% COTTON
MENS EMBROIDERY PANJABI- BLACK,Men's Collection,,"1,907.00",PH-PANE-TM22-07A-18776,LINEN
MENS EMBROIDERY PANJABI- NAVY,Men's Collection,,"1,907.00",PH-PANE-TM22-07A-18776,LINEN
MENS KARCHUPI PANJABI- MAROON,Men's Collection,,"2,781.00",RA-PANK-TM22-07A-18953,COTTON
MENS DENIM PANT- BLACK,Men's Collection,,"2,190.00",AJ-DEN-TM22-02S-0081,98% COTTON 2% SPANDEX
MENS POLO- YELLOW,Men's Collection,,"1,190.00",ZM-POL-TM22-05F-0100,100% COTTON
MENS POLO- NAVY BLUE,Men's Collection,,"1,190.00",ZM-POL-TM22-05F-0087,100% COTTON
MENS POLO- ROSE,Men's Collection,,"1,190.00",ZM-POL-TM22-05F-0087,100% COTTON
MENS POLO- NAVY BLUE,Men's Collection,,"1,190.00",ZM-POL-TM22-05F-0099,100% COTTON
MENS POLO- BLACK,Men's Collection,,"1,190.00",ZM-POL-TM22-05F-0099,100% COTTON
MENS POLO- BARKING RED,Men's Collection,,"1,200.00",ST-POLB-TM22-05F-0160,100% COTTON
MENS POLO- WHITE,Men's Collection,,"1,200.00",ST-POLB-TM22-05F-0160,100% COTTON
MENS CINO PANT- BROWN/BLACK,Men's Collection,,"1,590.00",HI-CHNS-TM22-02S-0068.1,100% COTTON
MENS CINO PANT- GREY,Men's Collection,,"1,490.00",HI-CHNS-TM22-02S-0068,100% COTTON
MENS TWIL PANT- BLUE,Men's Collection,,"1,690.00",HI-TWLS-TM22-02S-0064,100% COTTON
MENS CASUAL SHIRT- MULTI COLOR,Men's Collection,,"1,590.00",CL-SHT-TM22-04S-0017,"100% COTTON,S/J,160 GSM"
MENS T-SHIRT- BLACK & BLUE,Men's Collection,,642.00,ST-TSHA-TM22-07A-0150.,100% POLYESTER
MENS T-SHIRT- BLACK & RED,Men's Collection,,791.00,ST-TSHA-TM22-07A-0170,100% POLYESTER
MENS T-SHIRT- OLIVE,Men's Collection,,791.00,ZM-TSH-TM22-02F-0111,100% COTTON
MENS T-SHIRT- BLACK & ORANGE,Men's Collection,,642.00,ST-TSHA-TM22-07A-0150.,100% POLYESTER
MENS T-SHIRT- BLACK,Men's Collection,,791.00,ST-TSHA-TM22-07A-0167,100% POLYESTER
MENS T-SHIRT- BLACK,Men's Collection,,735.00,ST-TSH-TM22-07A-0126,98% COTTON 2% SPANDEX
MENS T-SHIRT- WHITE,Men's Collection,,735.00,ST-TSH-TM22-07A-0129,98% COTTON 2% SPANDEX
MENS POLO- BLACK,Men's Collection,,"1,190.00",ZM-POL-TM22-05F-0091,60% COTTON 40% POLYESTER
MENS POLO- BLUE,Men's Collection,,"1,190.00",ZM-POL-TM22-05F-0091,60% COTTON 40% POLYESTER
MENS POLO- BOTANICAL,Men's Collection,"1,290.00",774.00,NM-POL-TM20-04A-0342,100% COTTON
MENS SHORTS PANT- KHAKI,Men's Collection,,990.00,ST-SOT-TM21-03SS-0072,100% COTTON
MENS CASUAL SHIRT- BLUE,Men's Collection,"1,490.00",745.00,PH-CAS-TM19-05F-0195,100% COTTON
MENS CASUAL SHIRT- PINK,Men's Collection,"1,490.00",745.00,PH-CAS-TM19-05F-0195,100% COTTON
MENS KABLI - BLACK,Men's Collection,"3,290.00","2,303.00",JS-KAB-TM21-07A-0163,LINEN
MENS PANJABI - MAROON,Men's Collection,"2,690.00","1,883.00",PH-PANK-TM21-11W-15615,100% COTTON
MENS PANJABI - NAVY BLUE 1,Men's Collection,"2,690.00","1,883.00",PH-PANK-TM21-11W-15615,100% COTTON
MENS FORMAL SHIRT- BLACK MAROON,Men's Collection,"2,190.00","1,533.00",MT-FOS-TM21-05F-0250,COTTON
MENS FORMAL SHIRT- BLUE,Men's Collection,"2,190.00","1,533.00",MT-FOS-TM21-05F-0250,COTTON
MENS FORMAL SHIRT- GREEN NAVY,Men's Collection,"2,190.00","1,533.00",MT-FOS-TM21-05F-0250,COTTON
MENS FORMAL SHIRT- PINK,Men's Collection,"2,190.00","1,533.00",MT-FOS-TM21-05F-0250,COTTON
MENS FORMAL SHIRT- WHITE CREAM,Men's Collection,"2,190.00","1,533.00",MT-FOS-TM21-05F-0250,COTTON
MENS FORMAL SHIRT- ASH,Men's Collection,"2,190.00","1,533.00",MT-FOS-TM21-05F-0250,COTTON
MENS FORMAL SHIRT- BLUE GREEN,Men's Collection,"2,190.00","1,533.00",MT-FOS-TM21-05F-0250,COTTON
MENS POLO - BLACK,Men's Collection,990.00,495.00,PH-POL-TM19-04-0063,65% COTTON & 35% POLYSTER
MENS PANJABI-WHITE NAVY DOT PRINT,Men's Collection,"1,750.00",525.00,PH-TW18-0333,100% COTTON
MENS PANJABI-WHITE,Men's Collection,"3,490.00","1,047.00",SV-EMP-TM18-53,100% COTTON
MENS JERSEY- INDIA-BLUE,Men's Collection,690.00,220.00,RK-TSH-TM19-05F-0310,100% POLYESTER
MENS JERSEY- NEW ZEALAND 2,Men's Collection,690.00,220.00,RK-TSH-TM19-05F-0310,100% POLYESTER
MENS JERSEY- PAKISTAN,Men's Collection,690.00,220.00,RK-TSH-TM19-05F-0310,100% POLYESTER
MENS JERSEY- SRI LANKA,Men's Collection,690.00,220.00,RK-TSH-TM19-05F-0310,100% POLYESTER
MENS JERSEY-AUSTRALIA-YELLOW,Men's Collection,690.00,220.00,RK-TSH-TM19-05F-0310,100% POLYESTER
MENS JERSEY- SOUTH AFRICA,Men's Collection,690.00,220.00,RK-TSH-TM19-05F-0308,100% POLYESTER
MENS JERSEY- ENGLAND- NAVY,Men's Collection,690.00,220.00,RK-TSH-TM19-05F-0308,100% POLYESTER
MENS JERSEY- PAKISTAN,Men's Collection,690.00,220.00,RK-TSH-TM19-05F-0333,100% POLYESTER
MENS JERSEY-ENGLAND,Men's Collection,690.00,220.00,RK-TSH-TM19-05F-0331,100% POLYESTER
MENS JERSEY-BANGLADESH-GREEN,Men's Collection,690.00,220.00,RK-TSH-TM19-05F-0322,100% POLYESTER
MENS JERSEY- SOUTH AFRICA,Men's Collection,690.00,220.00,RK-TSH-TM19-05F-0312,100% POLYESTER
MENS JERSEY- BLUE,Men's Collection,690.00,220.00,RK-TSH-TM19-05F-0316,100% POLYESTER
MENS JERSEY- RED,Men's Collection,690.00,220.00,RK-TSH-TM19-05F-0316,100% POLYESTER
MENS JERSEY- TIGER,Men's Collection,690.00,220.00,RK-TSH-TM19-05F-0316,100% POLYESTER
MENS JERSEY- BANGLADESH,Men's Collection,690.00,220.00,RK-TSH-TM19-05F-0316,100% POLYESTER
MENS JERSEY-BANGLADESH,Men's Collection,690.00,220.00,RK-TSH-TM19-05F-0312,100% POLYESTER
MENS JERSEY- NAVY,Men's Collection,690.00,220.00,RK-TSH-TM19-05F-0323,100% POLYESTER
MENS JERSEY- BLUE,Men's Collection,690.00,414.00,NM-TSH-TM20-03-0040,100% COTTON
MENS JERSEY- OLIVE,Men's Collection,690.00,414.00,NM-TSH-TM20-03-0046,100% POLYESTER
MENS T-SHIRT- ORANGE,Men's Collection,690.00,414.00,NM-TSH-TM20-03-0053,100% POLYESTER
MENS PANJABI- BASE,Men's Collection,,"2,093.00",MY-PANB-TM22-10P-26318,BLENDED
MENS PANJABI- DARK GREEN,Men's Collection,,"1,758.00",PH-PANB-TM22-10P-27066,COTTON
MENS VEST- BLACK,Men's Collection,,"2,316.00",PH-VESB-TM22-10P-13588,COTTON
MENS VEST- BLUE,Men's Collection,,"2,316.00",PH-VESB-TM22-10P-13588,COTTON
MENS VEST- RED,Men's Collection,"2,316.00",NO Discount,PH-VESB-TM22-10P-26833,COTTON
LADIES KURTY-GREY,Women's Collection,"2,490.00",NO Discount,HN-KURH-TW22-05F-32,BLENDED
LADIES 3PCS-LIGHT GREEN,Women's Collection,"4,290.00",NO Discount,<p>HN-3PCS-TW22-05F-94,BLENDED
LADIES 3PCS-PURPLE,Women's Collection,"3,890.00",NO Discount,SB-3PCS-TW22-05F-18952,LINEN
LADIES KURTY-BROWN PRINT,Women's Collection,"2,090.00",NO Discount,SB-KURH-TW22-05F-18395,BLENDED
LADIES KURTY-MAROON,Women's Collection,"1,790.00",NO Discount,JA-KURA-TW22-05F-79,BLENDED
LADIES KURTY-MUSTARD,Women's Collection,"1,690.00",NO Discount,HN-KURA-TW22-05F-55,BLENDED
LADIES 3PCS-PINK,Women's Collection,"3,890.00",NO Discount,SB-3PCS-TW22-05F-18780,BLENDED
LADIES KURTY-TEAL,Women's Collection,"2,390.00",NO Discount,SB-KURP-TW22-05F-18715,BLENDED
LADIES 3PCS-NAVY,Women's Collection,"3,690.00",NO Discount,SB-3PCS-TW22-05F-18945,BLENDED
LADIES KURTY-BLACK,Women's Collection,"2,190.00",NO Discount,JA-KURH-TW22-05F-39,BLENDED
LADIES 3PCS-SEA GREEN,Women's Collection,"3,990.00",NO Discount,HN-3PCS-TW22-05F-29,BLENDED
LADIES KURTY-PURPLE,Women's Collection,"1,890.00",NO Discount,SB-KURA-TW22-05F-18798,BLENDED
LADIES KURTY-EMERALD,Women's Collection,"1,690.00",NO Discount,RA-KURA-TW22-05F-01,LINEN
LADIES KURTY-GREY,Women's Collection,"1,890.00",NO Discount,SB-KURH-TW22-05F-18919,LINEN
LADIES KURTY-OFF WHITE,Women's Collection,"1,890.00",NO Discount,HN-KURA-TW22-05F-64,COTTON
LADIES KURTY-PARPLE,Women's Collection,"1,890.00",NO Discount,RA-KURH-TW22-05F-02,BLENDED
LADIES KURTY-PINK,Women's Collection,"2,390.00",NO Discount,RA-KURP-TW22-05F-18854,BLENDED
LADIES KURTY-PRUSSIAN BLUE,Women's Collection,"1,890.00",NO Discount,JA-KURA-TW22-05F-78,BLENDED
LADIES KURTY-RED,Women's Collection,"2,090.00",NO Discount,SB-KURH-TW22-05F-17860,BLENDED
LADIES KURTY-ROYAL BLUE,Women's Collection,"2,390.00",NO Discount,SB-KURP-TW22-05F-15995,BLENDED
LADIES KURTY-SKY BLUE 1,Women's Collection,"1,690.00",NO Discount,RA-KURA-TW22-05F-01,LINEN
LADIES 2 PES,Women's Collection,"2,190.00","1,533.00",,
LADIES 3 PCS,Women's Collection,"3,590.00","2,513.00",<p>RA-3PCS-TW21-10P-15,100% COTTON
LADIES 3 PCS,Women's Collection,"3,790.00","2,653.00",<p>SN-3PCS-TW21-10P-04,BLENDED
LADIES 3PCS- DARK GREEN,Women's Collection,"3,990.00","2,793.00",<p>SB-3PCS-TW21-10P-10,BLENDED
LADIES 3 PCS,Women's Collection,"3,790.00",NO Discount,<p>SB-3PCS-TW22-02N-16167,BLENDED
LADIES 3 PCS,Women's Collection,"3,490.00","2,443.00",,
LADIES 3 PES,Women's Collection,"4,990.00","3,493.00",,
LADIES 3PCS BROWN 1,Women's Collection,"3,950.00",NO Discount,HN-3PCS-TW18-0260,100% COTTON
LADIES CADIGAN,Women's Collection,"2,490.00","1,494.00",,
LADIES CADIGAN,Women's Collection,"1,890.00",NO Discount,,
LADIES CADIGAN,Women's Collection,"1,590.00",954.00,,
LADIES DRESS,Women's Collection,"1,190.00",833.00,HI-DRS-TW21-10AW-0094,LINEN
LADIES DRESS,Women's Collection,"1,290.00",903.00,HI-DRS-TW21-10AW-0106,100% LINEN
LADIES GOWN,Women's Collection,"1,890.00","1,134.00",,
LADIES GOWN,Women's Collection,"2,890.00","1,734.00",,
LADIES HOODI,Women's Collection,"1,590.00",NO Discount,,
LADIES KURTY,Women's Collection,"2,190.00","1,533.00",<p>HN-KURA-TW21-07A-94,
LADIES KURTY,Women's Collection,"1,690.00","1,183.00",,
LADIES KURTY,Women's Collection,"2,490.00","1,494.00",SB-KUR-TW20-05F-374,BLENDED
LADIES KURTY,Women's Collection,"1,490.00","1,043.00",JA-KURA-TW21-07A-04,LINEN
LADIES KURTY,Women's Collection,"2,490.00","1,494.00",,
LADIES KURTY,Women's Collection,"1,890.00","1,134.00",,
LADIES KURTY,Women's Collection,"1,590.00",954.00,,
LADIES KURTY,Women's Collection,"1,990.00","1,194.00",,
LADIES KURTY,Women's Collection,"1,690.00","1,014.00",LADIES KURTY,HN-KUR-TW20-05F-284
LADIES KURTY,Women's Collection,"1,890.00","1,134.00",,
LADIES KURTY,Women's Collection,"2,290.00","1,350.00",LADIES KURTY,JA-KUR-TW20-05F-011.
LADIES KURTY,Women's Collection,"2,350.00","1,410.00",,
LADIES KURTY,Women's Collection,"1,850.00","1,110.00",,
LADIES KURTY,Women's Collection,"1,490.00",894.00,,
LADIES KURTY,Women's Collection,"1,490.00",894.00,,
LADIES KURTY,Women's Collection,"1,990.00","1,393.00",SB-KURA-TW21-07A-64,
LADIES KURTY,Women's Collection,"1,390.00",834.00,LADIES KURTY,SB-KUR-TW20-05F-204
LADIES KURTY,Women's Collection,"2,390.00","1,434.00",,
LADIES KURTY,Women's Collection,"1,490.00",894.00,,
LADIES KURTY,Women's Collection,"2,190.00","1,533.00",,
LADIES KURTY,Women's Collection,"1,550.00",930.00,LADIES KURTY,SN-KUR-TW20-04B-188
LADIES KURTY,Women's Collection,"2,490.00","1,245.00",,
LADIES KURTY,Women's Collection,"2,290.00","1,374.00",LADIERS KURTY,PH-KUR-TW20-04B-0413
LADIES KURTY,Women's Collection,"2,590.00","1,813.00",<p>SB-KURP-TW21-07A-70.,BLENDED
LADIES KURTY,Women's Collection,"2,590.00","1,813.00",LADIES KURTY,SB-KURA-TW21-02S-08
LADIES KURTY,Women's Collection,"3,290.00","2,303.00",,
LADIES KURTY,Women's Collection,"1,590.00","1,113.00",<p>JA-TUN-TW21-08A-001,LINEN LADIES KURTY
LADIES KURTY,Women's Collection,"1,990.00","1,194.00",,
LADIES KURTY,Women's Collection,"1,690.00","1,183.00",<p>HN-KURA-TW21-07A-92,BLENDED
LADIES KURTY,Women's Collection,"1,790.00","1,253.00",<p>RA-KUR-A-TW21-05F-057,BLENDED 
LADIES KURTY,Women's Collection,"3,290.00","1,974.00",,
LADIES KURTY,Women's Collection,"2,190.00","1,533.00",SN-KURH-TW21-10P-036,100% COTTON
LADIES KURTY,Women's Collection,"2,090.00","1,254.00",,
LADIES KURTY,Women's Collection,"2,390.00","1,434.00",,
LADIES KURTY,Women's Collection,"1,990.00","1,194.00",,
LADIES KURTY,Women's Collection,"1,590.00",954.00,,
LADIES KURTY,Women's Collection,"1,790.00","1,253.00",,
LADIES KURTY,Women's Collection,"1,890.00","1,323.00",<p>RA-KURA-TW21-07A-081,LINEN
LADIES KURTY,Women's Collection,"1,490.00",894.00,<p>LADIES KURTY,RA-KUR-TW20-05F-0480
LADIES KURTY,Women's Collection,"3,290.00","1,974.00",,
LADIES KURTY,Women's Collection,"2,490.00","1,494.00",,
LADIES KURTY,Women's Collection,"1,890.00","1,134.00",,
LADIES KURTY,Women's Collection,"2,190.00","1,314.00",,
LADIES KURTY,Women's Collection,"1,850.00","1,110.00",LADIES KURTY,SN-KUR-TW20-02S-005
LADIES KURTY,Women's Collection,"1,790.00","1,074.00",,
LADIES KURTY,Women's Collection,"1,590.00","1,113.00",,
LADIES KURTY,Women's Collection,"1,990.00","1,393.00",SN-KURA-TW21-07A-018,
LADIES KURTY,Women's Collection,"2,390.00","1,673.00",<p>NA-KURP-TW21-10P-06,BLENDED
LADIES KURTY,Women's Collection,"2,190.00",NO Discount,,
LADIES KURTY,Women's Collection,"2,090.00",NO Discount,JA-KURA-TW22-02S-77,CASHMELON
LADIES KURTY,Women's Collection,"1,690.00",NO Discount,JA-KURA-TW22-02E-72.,BLENDED
LADIES KURTY,Women's Collection,"1,790.00",NO Discount,<p>SB-KURB-TW22-02N-16532,"</p>
<p>Women's Tie Dyed Kalidar kurti, Half body and sleeve screen printed and Beautified with lace and solid contrast part on border. "
LADIES KURTY-YELLOW,Women's Collection,"1,690.00",507.00,HN-KUR-TW18-0163,100% COTTON
LADIES LEGGINGS,Women's Collection,490.00,NO Discount,NM-LEG-TW20-04A-0423,95% COTTON 5% SPANDEX
LADIES PANT-BLUE STRIPE,Women's Collection,990.00,NO Discount,SB-BTM-TW22-02N-16551,100% COTTON
LADIES PANT-MULTI COLOR STRIPE,Women's Collection,990.00,NO Discount,SB-BTM-TW22-02N-16551,100% COTTON
LADIES POLO,Women's Collection,690.00,345.00,PH-POL-TW19-0117,100% COTTON
LADIES POLO,Women's Collection,590.00,343.00,NM-POL-TW21-11W-0169,100% POLYESTER
LADIES PONCHO,Women's Collection,"1,590.00",954.00,,
LADIES SHOES,Women's Collection,"2,790.00","1,395.00",,
LADIES SHOES,Women's Collection,"2,290.00","1,145.00",,
LADIES SHOES,Women's Collection,"2,290.00","1,145.00",,
LADIES SHOES,Women's Collection,"2,990.00","1,495.00",,
LADIES SHOES,Women's Collection,"2,290.00","1,145.00",,
LADIES SHOES,Women's Collection,"2,950.00","1,475.00",,
LADIES SHOES,Women's Collection,"3,090.00","1,545.00",,
LADIES SHOES,Women's Collection,"2,950.00","1,475.00",,
LADIES T- SHIRT,Women's Collection,490.00,343.00,,
LADIES T- SHIRT,Women's Collection,350.00,175.00,PH-TSH-TW19-0118,100% Cotton
LADIES TOPS,Women's Collection,"1,390.00",NO Discount,<p>HN-TOP-TW22-02S-10,BLENDED
LADIES TOPS,Women's Collection,"1,590.00","1,113.00",<p>SB-TOP-TW21-11W-45,LINEN
LADIES TUNIC,Women's Collection,"2,450.00","1,225.00",,
LADIES TUNIC,Women's Collection,"1,990.00","1,194.00",,
LADIES TUNIC,Women's Collection,"1,290.00",774.00,LADIES TUNIC,NA-TUN-TW20-05F-144
LADIES TUNIC,Women's Collection,"1,590.00",795.00,,
LADIES TUNIC,Women's Collection,"1,590.00","1,113.00",,
LADIES TUNIC,Women's Collection,"1,690.00","1,014.00",,
LADIES TUNIC,Women's Collection,"1,490.00","1,043.00",,
LADIES TUNIC,Women's Collection,"1,690.00","1,014.00",,
LADIES TUNIC,Women's Collection,"1,490.00","1,043.00",,
LADIES TUNIC,Women's Collection,"1,790.00","1,074.00",,
LADIES TUNIC,Women's Collection,"2,190.00","1,314.00",,
LADIES TUNIC,Women's Collection,"2,190.00","1,533.00",LADIES TUNIC,SN-TUN-TW20-05F-070.
LADIES TUNIC,Women's Collection,"1,490.00",NO Discount,<p>HN-TUN-TW22-02E-11,BLENDED
LADIES TUNIC,Women's Collection,"1,990.00",NO Discount,<p>RA-TUN-TW22-02N-15793,BLENDED
LADIES KURTY- PEACH,Women's Collection,,"2,390.00",,
LADIES KURTY- OLIVE,Women's Collection,,"1,890.00",,
LADIES KURTY- NAVY,Women's Collection,,"1,590.00",,
LADIES 3PCS- RED,Women's Collection,,"3,162.79",,
LADIES 3PCS- COFFEE,Women's Collection,,"3,162.79",,
LADIES 3PCS- MAROON,Women's Collection,,"3,395.35",,
LADIES 3PCS- PEACH,Women's Collection,,"3,395.35",,
LADIES KURTY- ASH PRINT,Women's Collection,,"1,665.12",,
LADIES TUNIC- BLACK,Women's Collection,,"1,490.00",JA-TUN-TW22-05F-108,BLENDED
LADIES TUNIC- NAVY,Women's Collection,,"1,907.00",SB-TUN-TW22-07A-18871,LINEN
LADIES KURTY- BURNT ORANGE,Women's Collection,,"1,758.00",SB-KURA-TW22-07A-18166,BLENDED
LADIES KURTY- EGGPLANT,Women's Collection,,"2,409.00",HN-KURH-TW22-07A-92,BLENDED
LADIES KURTY- GREEN,Women's Collection,,"1,814.00",SB-KURA-TW22-07A-15802,BLENDED
LADIES KURTY- CORAL,Women's Collection,,"1,907.00",HN-KURA-TW22-07A-103,BLENDED
LADIES 3PCS- RED FLORAL,Women's Collection,,"3,805.00",SB-3PCS-TW22-07A-15609,BLENDED
LADIES 3PCS- NAVY,Women's Collection,,"4,000.00",HN-3PCS-TW22-07A-93,COTTON
LADIES 3PCS- OFF WHITE,Women's Collection,,"4,000.00",HN-3PCS-TW22-07A-93,COTTON
LADIES T-SHIRT- BLACK,Women's Collection,,735.00,HI-TSH-TW22-02S-0040,100% COTTON
LADIES T-SHIRT- PURPLE,Women's Collection,,735.00,HI-TSH-TW22-02S-0040,100% COTTON
LADIES 3PCS- BLUE,Women's Collection,,"3,907.00",SB-3PCS-TW22-07A-16839,BLENDED
LADIES KURTY- LIGHT PINK,Women's Collection,,"2,000.00",RA-KURA-TW22-07A-15988,BLENDED
LADIES TUNIC - RED,Women's Collection,954.00,"1,590.00",NA-TUN-TW20-04B-193,LINEN
LADIES TUNIC - BROWN,Women's Collection,954.00,"1,590.00",NA-TUN-TW20-04B-193,LINEN
LADIES KURTY - BROWN,Women's Collection,"2,990.00","1,794.00",RA-KUR-TW20-02S-0129,BLENDED
LADIES KURTY - LT PINK,Women's Collection,"1,890.00","1,134.00",HN-KUR-TW20-04B-244,LINEN
LADIES KURTY - OLIVE,Women's Collection,"1,890.00","1,134.00",HN-KUR-TW20-04B-244,LINEN
LADIES KURTY - ASH,Women's Collection,"1,650.00",990.00,SB-KUR-TW20-04B-335,LINEN
LADIES KURTY - NAVY,Women's Collection,"1,650.00",990.00,SB-KUR-TW20-04B-335,LINEN
LADIES KURTY - RED,Women's Collection,"1,650.00",990.00,SB-KUR-TW20-04B-335,LINEN
LADIES KURTY - WHITE 1,Women's Collection,"2,090.00","1,254.00",SB-KUR-TW20-04B-342,BLENDED
LADIES KURTY - MAROON,Women's Collection,"2,090.00","1,254.00",SB-KUR-TW20-04B-342,BLENDED
LADIES GOWN- COFFEE,Women's Collection,"2,290.00","1,145.00",SN-GWN-TW19-10P-0491.,CHUSA SILK
LADIES GOWN- BLUE PRINT,Women's Collection,"2,790.00","1,395.00",HN-GWN-TW19-11W-0749,BLENDED
LADIES KURTY- ASH,Women's Collection,"3,890.00","1,167.00",NJ-KUR-TW18-0147.1,100% COTTON
LADIES KURTY- GREEN,Women's Collection,"4,450.00","1,335.00",NJ-KUR-TW18-0129,100% COTTON
LADIES KURTY- ORANGE,Women's Collection,"2,850.00",855.00,NJ-KUR-TW18-0113,100% COTTON
LADIES CADIGAN- NAVY,Women's Collection,"1,620.00",810.00,JA-CAR-TW19-11W-0639,100% COTTON
LADIES KURTY- BLUE,Women's Collection,"2,690.00","1,345.00",HN-KUR-TW19-11W-0735,BLENDED
LADIES KURTY- BROWN,Women's Collection,"2,690.00","1,345.00",HN-KUR-TW19-11W-0735,BLENDED
LADIES KURTY- BLACK,Women's Collection,"2,850.00","1,425.00",NJ-KUR-TW19-05F-248,100% COTTON
LADIES KURTY- LIGHT PINK,Women's Collection,"2,850.00","1,425.00",NJ-KUR-TW19-05F-248,100% COTTON
LADIES KURTY- PINK,Women's Collection,"1,890.00",945.00,RA-KUR-TW19-10P-0566,BLENDED
LADIES TUNIC- YELLOW PRINT,Women's Collection,"1,950.00",975.00,HN-TUN-TW19-11W-0450,LINEN
LADIES TOPS- OLIVE,Women's Collection,990.00,495.00,JY-TOP-TW19-08A-0580,100% COTTON
LADIES T-SHIRT- WHITE PRINT,Women's Collection,550.00,165.00,TMP18-343,100% COTTON
LADIES GOWN- RED,Women's Collection,,"3,767.00",HN-GWN-TW23-04F-86,BLENDED
LADIES GOWN- MAROON,Women's Collection,,"3,526.00",JA-GWN-TW23-04F-67,BLENDED
LADIES 3PCS- NAVY BLUE,Women's Collection,,"3,247.00",RA-3PCS-TW23-04F-25725,BLENDED
LADIES KURTY- TEAL,Women's Collection,,"2,651.00",SB-KURH-TW23-04F-25025,BLENDED
BOYS BASIC PANJABI,Boy's Collection,890.00,NO Discount,JA-PANB-TB22-02S-55,100% COTTON
BOYS CASUAL SHIRT,Boy's Collection,"1,090.00",763.00,HI-SHT-TB21-03E-0003.1,100% COTTON
BOYS CASUAL SHIRT,Boy's Collection,"1,190.00",833.00,HI-SHT-TB21-03SS-0036,100% COTTON
BOYS CASUAL SHIRT- CHOCOLATE,Boy's Collection,,"1,290.00",HI-SHT-TB22-02S-0006,100% COTTON
BOYS CASUAL SHIRT- NAVY,Boy's Collection,,"1,290.00",HI-SHT-TB22-02S-0006,100% COTTON
BOYS EMBROIDERY PANJABI-OLIVE 1,Boy's Collection,"1,390.00",NO Discount,PH-PANE-TB22-05F-15600.,100% COTTON
BOYS EMBROIDERY PANJABI-PAST,Boy's Collection,"1,290.00",NO Discount,PH-PANE-TB22-05F-17800,COTTON
BOYS EMBROIDERY PANJABI-PINK 1,Boy's Collection,"1,390.00",NO Discount,PH-PANE-TB22-05F-15600.,100% COTTON
BOYS KABLI- BADGE,Boy's Collection,,"2,037.00",PH-KABB-TB22-07A-18949,LINEN
BOYS KABLI- VIOLET,Boy's Collection,,"2,037.00",PH-KABB-TB22-07A-18949,LINEN
BOYS KABLI-BOTTLE GREEN,Boy's Collection,"2,390.00",NO Discount,JS-KAB-TB22-05F-15593,LINEN
BOYS LS T-SHIRT,Boy's Collection,590.00,295.00,,
BOYS LS T-SHIRT,Boy's Collection,590.00,295.00,,
BOYS PANJABI,Boy's Collection,990.00,693.00,SB-PANB-TB21-11W-0047,100% COTTON
BOYS PANJABI,Boy's Collection,990.00,NO Discount,,
BOYS PANJABI,Boy's Collection,"1,090.00",763.00,,
BOYS PANJABI,Boy's Collection,"1,090.00",NO Discount,,
BOYS PANJABI- BLUE,Boy's Collection,,"1,107.00",JS-PANB-TB22-07A-18843,COTTON
BOYS PANJABI- BLUE,Boy's Collection,,"1,014.00",NA-PANB-TB22-07A-127,COTTON
BOYS PANJABI- CORAL,Boy's Collection,,"1,256.00",JS-PANB-TB22-07A-18743,COTTON
BOYS PANJABI- GREEN,Boy's Collection,,"1,107.00",JS-PANB-TB22-07A-18843,COTTON
BOYS PANJABI- GREEN PRINTED,Boy's Collection,,"1,163.00",MY-PANB-TB22-07A-18884,COTTON
BOYS PANJABI- GREY PRINTED,Boy's Collection,,884.00,MY-PANB-TB22-07A-18782,COTTON
BOYS PANJABI- LIGHT SKY BLUE,Boy's Collection,"1,190.00",NO Discount,MY-PANB-TB22-05F-85,COTTON
BOYS PANJABI- LIGHT YELLOW,Boy's Collection,,"1,163.00",MY-PANB-TB22-07A-18882,COTTON
BOYS PANJABI- MAROON,Boy's Collection,,"1,014.00",NA-PANB-TB22-07A-127,COTTON
BOYS PANJABI- MUSTARD,Boy's Collection,,977.00,NA-PANB-TB22-07A-121,COTTON
BOYS PANJABI- NAVY BLUE PRINTED,Boy's Collection,,884.00,MY-PANB-TB22-07A-18782,COTTON
BOYS PANJABI- OLIVE PRINTED,Boy's Collection,,"1,163.00",MY-PANB-TB22-07A-18884,COTTON
BOYS PANJABI- PINK,Boy's Collection,,977.00,NA-PANB-TB22-07A-122,COTTON
BOYS PANJABI- RED,Boy's Collection,,"1,107.00",JS-PANB-TB22-07A-18843,COTTON
BOYS PANJABI- RED,Boy's Collection,,"1,014.00",NA-PANB-TB22-07A-123,COTTON
BOYS PANJABI- SEA GREEN,Boy's Collection,,"1,163.00",MY-PANB-TB22-07A-18882,COTTON
BOYS PANJABI- SKY BLUE,Boy's Collection,,"1,014.00",NA-PANB-TB22-07A-123,COTTON
BOYS PANJABI- SKY BLUE,Boy's Collection,,"1,256.00",JS-PANB-TB22-07A-18743,COTTON
BOYS PANJABI- TANT,Boy's Collection,,921.00,NA-PANB-TB22-07A-119,COTTON
BOYS PANJABI- TURQUISE,Boy's Collection,,"1,256.00",JS-PANB-TB22-07A-18743,COTTON
BOYS PANJABI- TURQUOISE PRINTED,Boy's Collection,,"1,163.00",MY-PANB-TB22-07A-18884,COTTON
BOYS PANJABI- WHITE,Boy's Collection,,837.00,NA-PANB-TB22-07A-116,COTTON
BOYS PANJABI- YELLOW,Boy's Collection,,977.00,NA-PANB-TB22-07A-122,COTTON
BOYS PANJABI-BLUE,Boy's Collection,"1,290.00",NO Discount,JS-PANB-TB22-05F-18713,BLENDED
BOYS PANJABI-LIGHT GREEN,Boy's Collection,790.00,NO Discount,NA-PANB-TB22-05F-99-,LINEN
BOYS PANJABI-NAVY,Boy's Collection,"1,290.00",NO Discount,MY-PANE-TB22-05F-18816,COTTON
BOYS PANJABI-OLIVE GREEN,Boy's Collection,990.00,NO Discount,SB-PANB-TB22-05F-19872,COTTON
BOYS PANJABI-RED 1,Boy's Collection,990.00,NO Discount,NA-PANB-TB22-05F-108,COTTON
BOYS PANJABI-RED 1,Boy's Collection,"1,290.00",NO Discount,JS-PANB-TB22-05F-18713,BLENDED
BOYS PANJABI-VIOLET,Boy's Collection,990.00,NO Discount,NA-PANB-TB22-05F-108,COTTON
BOYS PANJABI-WHITE,Boy's Collection,"1,290.00",NO Discount,MY-PANE-TB22-05F-18816,COTTON
BOYS SHORT PANT- BLACK,Boy's Collection,,512.00,AJ-SPNT-TB22-02S-0032.,100% COTTON
BOYS SHORT PANT- YELLOW,Boy's Collection,,512.00,AJ-SPNT-TB22-02S-0033.,100% COTTON
BOYS T- SHIRT,Boy's Collection,350.00,175.00,,
BOYS T-SHIRT- LIME,Boy's Collection,,549.00,AJ-TSH-TB22-02S-0017.,100% COTTON
NEW BORN BOYS 2PCS-NAVY BLUE 1,Boy's Collection,550.00,NO Discount,HN-2PCS-TNB22-05F-38,COTTON
GIRLS 2PCS,Girl's Collection,"1,590.00","1,113.00",<p>SB-3PCS-TG21-11W-30,BLENDED
GIRLS 2PCS,Girl's Collection,"1,490.00",NO Discount,<p>HN-2PCS-TG22-02F-19,LINEN
GIRLS 2PCS,Girl's Collection,"1,190.00",NO Discount,<p>JA-2PCS-TG22-02S-08,LINEN
GIRLS 2PCS,Girl's Collection,"1,490.00",NO Discount,NA-2PCS-TG22-02N-27,COTTON
GIRLS 2PCS- LIGHT BLUE,Girl's Collection,,"1,572.00",NA-2PCS-TG22-07A-63,BLENDED
GIRLS 2PCS- MAGENTA,Girl's Collection,,"2,000.00",JA-2PCS-TG22-07A-52,BLENDED
GIRLS 2PCS- MAROON,Girl's Collection,,"1,890.00",RA-2PCS-TG22-05F-47,LINEN
GIRLS 2PCS- PARROT GREEN,Girl's Collection,,"1,490.00",RA-2PCS-TG22-02N-17043,LINEN
GIRLS 2PCS- PINK,Girl's Collection,,"1,890.00",RA-2PCS-TG22-05F-47,LINEN
GIRLS 2PCS- PINK,Girl's Collection,,"1,572.00",NA-2PCS-TG22-07A-63,BLENDED
GIRLS 2PCS- SKY BLUE,Girl's Collection,,"1,349.00",JA-2PCS-TG22-07A-36,BLENDED
GIRLS 2PCS- YELLOW,Girl's Collection,,"2,000.00",JA-2PCS-TG22-07A-52,BLENDED
GIRLS 2PCS- YELLOW,Girl's Collection,,"1,490.00",RA-2PCS-TG22-02N-17043,LINEN
GIRLS 2PCS-PEACH,Girl's Collection,"1,390.00",NO Discount,HN-2PCS-TG22-05F-48,LINEN
GIRLS 2PCS-PEACH,Girl's Collection,"1,790.00",NO Discount,NA-2PCS-TG22-05F-41,BLENDED
GIRLS 3PCS,Girl's Collection,"1,690.00","1,183.00",<p>SN-3PCS-TG21-11W-10,BLENDED
GIRLS 3PCS,Girl's Collection,"1,890.00","1,323.00",<p>SN-3PCS-TG21-11W-11,100% COTTON
GIRLS 3PCS,Girl's Collection,"1,590.00","1,113.00",<p>SB-3PCS-TG21-11W-32,LINEN
GIRLS 3PCS,Girl's Collection,"1,890.00",NO Discount,<p>SB-3PCS-TG22-02N-16729,BLENDED
GIRLS 3PCS -PARROT,Girl's Collection,"1,690.00",NO Discount,<p>RA-3PCS-TG22-02N-27,BLENDED
GIRLS 3PCS -PINK 1,Girl's Collection,"1,690.00",NO Discount,<p>RA-3PCS-TG22-02N-27,BLENDED
GIRLS 3PCS- BLUSH,Girl's Collection,,"1,690.00",HN-3PCS-TG22-05F-42,BLENDED
GIRLS 3PCS- NAVY,Girl's Collection,,"1,690.00",HN-3PCS-TG22-05F-42,BLENDED
GIRLS 3PCS-BLUE,Girl's Collection,"1,990.00",NO Discount,SB-3PCS-TG22-05F-28,BLENDED
GIRLS CARDIGAN,Girl's Collection,"1,090.00",654.00,MR-CAR-TG19-11W-9001,100% COTTON
GIRLS FROK- MUSTARD,Girl's Collection,,"2,093.00",JA-FRK-TG22-07A-55,BLENDED
GIRLS FROK- PEARL WHITE,Girl's Collection,,"2,093.00",JA-FRK-TG22-07A-55,BLENDED
GIRLS GOWN,Girl's Collection,"1,750.00","1,225.00",JA-GWN-TG21-11W-24,BLENDED
GIRLS GOWN- BLACK,Girl's Collection,,"1,628.00",JA-GWN-TG22-07A-54,BLENDED
GIRLS GOWN- PINK,Girl's Collection,,"1,628.00",JA-GWN-TG22-07A-54,BLENDED
GIRLS SHIRT-NAVY BLUE,Girl's Collection,990.00,NO Discount,HI-SHT-TG22-05F-0011,COTTON
GIRLS SHIRT-WHITE,Girl's Collection,990.00,NO Discount,HI-SHT-TG22-05F-0011,COTTON
GIRLS T-SHIRT- LIME,Girl's Collection,,642.00,AJ-TSH-TG22-02S-0040.,100% COTTON
GIRLS T-SHIRT- YELLOW,Girl's Collection,,549.00,AJ-TSH-TG22-02S-0037.,100% COTTON
GIRLS TOPS-BLACK,Girl's Collection,990.00,NO Discount,HI-TOP-TG22-05F-0009,COTTON
GIRLS TOPS-BLUE,Girl's Collection,690.00,NO Discount,HI-TOP-TG22-05F-0008.,COTTON
GIRLS TOPS-CREAM,Girl's Collection,990.00,NO Discount,HI-TOP-TG22-05F-0009,COTTON
GIRLS TOPS-LIGHT BLUE,Girl's Collection,690.00,NO Discount,HI-TOP-TG22-05F-0008.,COTTON
GIRLS TOPS-NAVY BLUE,Girl's Collection,790.00,NO Discount,HI-TOP-TG22-05F-0003,LINEN
GIRLS TOPS-ORANGE,Girl's Collection,990.00,NO Discount,JA-TOP-TG22-05F-55,BLENDED
GIRLS TOPS-YELLOW,Girl's Collection,790.00,NO Discount,HI-TOP-TG22-05F-0003,LINEN
GIRLS TUNIC- BLACK,Girl's Collection,,"1,590.00",JA-TUN-TG22-05F-37,BLENDED
GIRLS TUNIC- RED PEACH,Girl's Collection,,"1,090.00",JA-TUN-TG22-05F-39,BLENDED
GIRLS TUNIC- SKY BLUE,Girl's Collection,,"1,090.00",JA-TUN-TG22-05F-39,BLENDED
GIRLS TUNIC- WHITE,Girl's Collection,,921.00,JA-TUN-TG22-07A-47.,BLENDED
GIRLS TUNIC-SKY BLUE,Girl's Collection,990.00,NO Discount,JA-TUN-TG22-05F-38,BLENDED
GIRLS TUNIC-YELLOW,Girl's Collection,990.00,NO Discount,JA-TUN-TG22-05F-38,BLENDED
NEW BORN GIRLS FROCK- BLUE STRIPE,Girl's Collection,590.00,NO Discount,HN-FRK-TNG22-05F-12,COTTON
